,Min,Max,Mean ± Std
OC,0.161342151,10.44906205,4.5124 ± 2.7763
EC,0.0196,12.86438352,3.2659 ± 4.4138
